-- MySQL Script generated by MySQL Workbench
-- 24/11/2022
-- Model: New Model Version: 1.0
-- MySQL Workbench Forward Engineering

-- SET @OLD_UNIQUE_CHECKS=@@UNIQUE_CHECKS, UNIQUE_CHECKS=0;
-- SET @OLD_FOREIGN_KEY_CHECKS=@@FOREIGN_KEY_CHECKS, FOREIGN_KEY_CHECKS=0;
-- SET @OLD_SQL_MODE=@@SQL_MODE, SQL_MODE='TRADITIONAL,ALLOW_INVALID_DATES';

-- -----------------------------------------------------
-- Database `CANTIN`
-- -----------------------------------------------------

DROP DATABASE IF EXISTS CANTIN;
CREATE DATABASE CANTIN;
USE CANTIN;


-- -----------------------------------------------------
-- Tables
-- -----------------------------------------------------


-- Table Nguoi dung

DROP TABLE IF EXISTS NGUOI_DUNG;

CREATE TABLE IF NOT EXISTS NGUOI_DUNG 
(
  USERNAME    varchar(20),
  PASSWORD    varchar(60) NOT NULL,
  ROLE        varchar(11) NOT NULL,
  IMAGE       text,
  HOTEN       varchar(30),
  GIOITINH    char(3),
  SDT         varchar(11),
  NGAYSINH    DATE,
  EMAIL       varchar(50),
  primary key (USERNAME)
);


-- Table Don hang

DROP TABLE IF EXISTS DON_HANG;

CREATE TABLE IF NOT EXISTS DON_HANG 
(
  MADON       char(5),
  MANGUOIDUNG    varchar(20),
  THOIGIAN    DATETIME,
  primary key (MADON, MANGUOIDUNG)
);


-- Table Mat hang

DROP TABLE IF EXISTS MAT_HANG;

CREATE TABLE IF NOT EXISTS MAT_HANG
(
  MAHANG   char(5),
  TENHANG  varchar(20),
  IMAGE    text,
  LOAIHANG varchar(10),
  DONGIA   int,
  SOLUONG     int,
  primary key (MAHANG)
);


-- Table Phieu nhap hang

DROP TABLE IF EXISTS PHIEU_NHAP_HANG;

CREATE TABLE IF NOT EXISTS PHIEU_NHAP_HANG
(
  MAPHIEUNHAP char(5),
  NGAYNHAP    DATE,
  DIACHIKHO   varchar(50),
  primary key (MAPHIEUNHAP)
);


-- Table Chi tiet nhap hang

DROP TABLE IF EXISTS CT_NHAP;

CREATE TABLE IF NOT EXISTS CT_NHAP
(
  MAHANG      char(5),
  MAPHIEUNHAP char(5),
  SOLUONG     int,
  primary key (MAHANG, MAPHIEUNHAP)
);


-- Table Chi tiet don hang

DROP TABLE IF EXISTS CT_DON;

CREATE TABLE IF NOT EXISTS CT_DON
(
  MADON     char(5),
  MAHANG    char(5),
  SOLUONG   int,
  THANHTIEN int,
  primary key (MADON, MAHANG)
);


-- -----------------------------------------------------
-- Foreign Key
-- -----------------------------------------------------

ALTER TABLE DON_HANG
ADD CONSTRAINT FK_DON_HANG__NGUOI_DUNG 
FOREIGN KEY (MANGUOIDUNG) REFERENCES NGUOI_DUNG(USERNAME);

ALTER TABLE CT_DON
ADD CONSTRAINT FK_CT_DON__DON_HANG
FOREIGN KEY (MADON) REFERENCES DON_HANG(MADON);

ALTER TABLE CT_DON
ADD CONSTRAINT FK_CT_DON__MAT_HANG
FOREIGN KEY (MAHANG) REFERENCES MAT_HANG(MAHANG);

ALTER TABLE CT_NHAP
ADD CONSTRAINT FK_CT_NHAP__MAT_HANG
FOREIGN KEY (MAHANG) REFERENCES MAT_HANG(MAHANG);

ALTER TABLE CT_NHAP
ADD CONSTRAINT FK_CT_NHAP__PHIEU_NHAP_HANG
FOREIGN KEY (MAPHIEUNHAP) REFERENCES PHIEU_NHAP_HANG(MAPHIEUNHAP);


-- -----------------------------------------------------
-- Insert Data
-- -----------------------------------------------------
INSERT INTO `nguoi_dung` (`USERNAME`, `PASSWORD`, `ROLE`, `IMAGE`, `HOTEN`, `GIOITINH`, `SDT`, `NGAYSINH`, `EMAIL`) VALUES ('20120485', 'abc123456', 'Khách hàng', NULL, 'Lê Văn Hùng', 'Nam', '0123456789', '2002-12-02', '20120485@yahoo.com');
INSERT INTO `nguoi_dung` (`USERNAME`, `PASSWORD`, `ROLE`, `IMAGE`, `HOTEN`, `GIOITINH`, `SDT`, `NGAYSINH`, `EMAIL`) VALUES ('20120244', 'abc123456', 'Khách hàng', NULL, 'Hoàng Tuấn Anh', 'Nam', '0123653789', '2002-03-04', '20120244@yahoo.com');
INSERT INTO `nguoi_dung` (`USERNAME`, `PASSWORD`, `ROLE`, `IMAGE`, `HOTEN`, `GIOITINH`, `SDT`, `NGAYSINH`, `EMAIL`) VALUES ('20120251', 'abc123456', 'Khách hàng', NULL, 'Trần Đức Anh', 'Nam', '0126456049', '2002-10-09', NULL);
INSERT INTO `nguoi_dung` (`USERNAME`, `PASSWORD`, `ROLE`, `IMAGE`, `HOTEN`, `GIOITINH`, `SDT`, `NGAYSINH`, `EMAIL`) VALUES ('20120130', 'abc123456', 'Khách hàng', NULL, 'Đinh Thị Hoàng Linh', 'Nữ', '0126846789', NULL, '20120130@yahoo.com');
-- Giao vien/Nhan vien
INSERT INTO `nguoi_dung` (`USERNAME`, `PASSWORD`, `ROLE`, `IMAGE`, `HOTEN`, `GIOITINH`, `SDT`, `NGAYSINH`, `EMAIL`) VALUES ('pldnhat', 'abc123456', 'Khách hàng', NULL, 'Phan Lê Duy Nhật', 'Nam', '0875456789', '1986-07-02', 'pldnhat@yahoo.com');
INSERT INTO `nguoi_dung` (`USERNAME`, `PASSWORD`, `ROLE`, `IMAGE`, `HOTEN`, `GIOITINH`, `SDT`, `NGAYSINH`, `EMAIL`) VALUES ('tlskiet', 'abc123456', 'Khách hàng', NULL, 'Trần Lê Sơn Kiệt', 'Nam', NULL, '1990-12-02', 'tlskiet@yahoo.com');
INSERT INTO `nguoi_dung` (`USERNAME`, `PASSWORD`, `ROLE`, `IMAGE`, `HOTEN`, `GIOITINH`, `SDT`, `NGAYSINH`, `EMAIL`) VALUES ('nmngoc', 'abc123456', 'Khách hàng', NULL, 'Nguyễn Mai Ngọc', 'Nữ', '0875456789', '1986-07-02', 'pldnhat@yahoo.com');
INSERT INTO `nguoi_dung` (`USERNAME`, `PASSWORD`, `ROLE`, `IMAGE`, `HOTEN`, `GIOITINH`, `SDT`, `NGAYSINH`, `EMAIL`) VALUES ('nkchi', 'abc123456', 'Khách hàng', NULL, 'Ngô Khánh Chi', 'Nữ', NULL, '1990-12-02', 'tlskiet@yahoo.com');

-- Quan ly / thu ngan
INSERT INTO `nguoi_dung` (`USERNAME`, `PASSWORD`, `ROLE`, `IMAGE`, `HOTEN`, `GIOITINH`, `SDT`, `NGAYSINH`, `EMAIL`) VALUES ('nttung', 'abc123456', 'Quản lý', NULL, 'Nguyễn Thanh Tùng', 'Nam', '0813456019', '1999-07-02', 'nttung@yahoo.com');
INSERT INTO `nguoi_dung` (`USERNAME`, `PASSWORD`, `ROLE`, `IMAGE`, `HOTEN`, `GIOITINH`, `SDT`, `NGAYSINH`, `EMAIL`) VALUES ('tnnam', 'abc123456', 'Quản lý', NULL, 'Trần Nhật Nam', 'Nam', '0813452057', '1998-07-02', 'nttung@yahoo.com');
INSERT INTO `nguoi_dung` (`USERNAME`, `PASSWORD`, `ROLE`, `IMAGE`, `HOTEN`, `GIOITINH`, `SDT`, `NGAYSINH`, `EMAIL`) VALUES ('lmngoc', 'abc123456', 'Thu ngân', NULL, 'Lê Minh Ngọc', 'Nữ', NULL, '2000-10-05', 'lmngoc@yahoo.com');

INSERT INTO `mat_hang` (`MAHANG`, `IMAGE`, `TENHANG`, `LOAIHANG`, `DONGIA`, `SOLUONG`) VALUES ('MH001', '../images/svg/menu/food/food01.svg', 'Nui xào bò', 'Đồ ăn', '30000', 2000);
INSERT INTO `mat_hang` (`MAHANG`, `IMAGE`, `TENHANG`, `LOAIHANG`, `DONGIA`, `SOLUONG`) VALUES ('MH002', '../images/svg/menu/food/food02.svg', 'Mỳ Ý', 'Đồ ăn', '30000', 2000);
INSERT INTO `mat_hang` (`MAHANG`, `IMAGE`, `TENHANG`, `LOAIHANG`, `DONGIA`, `SOLUONG`) VALUES ('MH003', '../images/svg/menu/food/food03.svg', 'Bún bò', 'Đồ ăn', '30000', 2000);
INSERT INTO `mat_hang` (`MAHANG`, `IMAGE`, `TENHANG`, `LOAIHANG`, `DONGIA`, `SOLUONG`) VALUES ('MH004', '../images/svg/menu/food/food04.svg', 'Hủ tiếu', 'Đồ ăn', '30000', 2000);
INSERT INTO `mat_hang` (`MAHANG`, `IMAGE`, `TENHANG`, `LOAIHANG`, `DONGIA`, `SOLUONG`) VALUES ('MH005', '../images/svg/menu/food/food05.svg', 'Cơm trưa', 'Đồ ăn', '30000', 2000);
INSERT INTO `mat_hang` (`MAHANG`, `IMAGE`, `TENHANG`, `LOAIHANG`, `DONGIA`, `SOLUONG`) VALUES ('MH006', '../images/svg/menu/food/food06.svg', 'Bánh mì', 'Đồ ăn', '15000', 2000);
INSERT INTO `mat_hang` (`MAHANG`, `IMAGE`, `TENHANG`, `LOAIHANG`, `DONGIA`, `SOLUONG`) VALUES ('MH007', '../images/svg/menu/drink/drink01.svg', 'Trà ô long Tea Plus', 'Thức uống', '10000', 2000);
INSERT INTO `mat_hang` (`MAHANG`, `IMAGE`, `TENHANG`, `LOAIHANG`, `DONGIA`, `SOLUONG`) VALUES ('MH008', '../images/svg/menu/drink/drink02.svg', 'Coca cola', 'Thức uống', '10000', 2000);
INSERT INTO `mat_hang` (`MAHANG`, `IMAGE`, `TENHANG`, `LOAIHANG`, `DONGIA`, `SOLUONG`) VALUES ('MH009', '../images/svg/menu/drink/drink03.svg', 'Trà xanh C2', 'Thức uống', '10000', 2000);
INSERT INTO `mat_hang` (`MAHANG`, `IMAGE`, `TENHANG`, `LOAIHANG`, `DONGIA`, `SOLUONG`) VALUES ('MH010', '../images/svg/menu/drink/drink04.svg', 'Nước suối', 'Thức uống', '5000', 2000);
INSERT INTO `mat_hang` (`MAHANG`, `IMAGE`, `TENHANG`, `LOAIHANG`, `DONGIA`, `SOLUONG`) VALUES ('MH011', '../images/svg/menu/drink/drink05.svg', 'Trà xanh không độ', 'Thức uống', '10000', 2000);
INSERT INTO `mat_hang` (`MAHANG`, `IMAGE`, `TENHANG`, `LOAIHANG`, `DONGIA`, `SOLUONG`) VALUES ('MH012', '../images/svg/menu/drink/drink06.svg', 'Sprite', 'Thức uống', '10000', 2000);

INSERT INTO `don_hang` (`MADON`, `MANGUOIDUNG`, `THOIGIAN`) VALUES ('MD001', 'tlskiet', '2022-11-01 11:28:47');
INSERT INTO `don_hang` (`MADON`, `MANGUOIDUNG`, `THOIGIAN`) VALUES ('MD002', '20120251', '2022-11-02 14:31:26');
INSERT INTO `don_hang` (`MADON`, `MANGUOIDUNG`, `THOIGIAN`) VALUES ('MD003', 'pldnhat', '2022-11-02 16:06:22');
INSERT INTO `don_hang` (`MADON`, `MANGUOIDUNG`, `THOIGIAN`) VALUES ('MD004', '20120244', '2022-11-03 07:00:58');
INSERT INTO `don_hang` (`MADON`, `MANGUOIDUNG`, `THOIGIAN`) VALUES ('MD005', '20120244', '2022-11-03 07:28:46');
INSERT INTO `don_hang` (`MADON`, `MANGUOIDUNG`, `THOIGIAN`) VALUES ('MD006', 'nmngoc', '2022-11-03 08:44:40');
INSERT INTO `don_hang` (`MADON`, `MANGUOIDUNG`, `THOIGIAN`) VALUES ('MD007', '20120251', '2022-11-03 09:48:26');
INSERT INTO `don_hang` (`MADON`, `MANGUOIDUNG`, `THOIGIAN`) VALUES ('MD008', '20120130', '2022-11-03 15:33:44');
INSERT INTO `don_hang` (`MADON`, `MANGUOIDUNG`, `THOIGIAN`) VALUES ('MD009', '20120485', '2022-11-04 07:41:48');
INSERT INTO `don_hang` (`MADON`, `MANGUOIDUNG`, `THOIGIAN`) VALUES ('MD010', '20120130', '2022-11-04 08:50:10');
INSERT INTO `don_hang` (`MADON`, `MANGUOIDUNG`, `THOIGIAN`) VALUES ('MD011', 'nkchi', '2022-11-04 09:05:29');
INSERT INTO `don_hang` (`MADON`, `MANGUOIDUNG`, `THOIGIAN`) VALUES ('MD012', 'nmngoc', '2022-11-04 13:44:58');
INSERT INTO `don_hang` (`MADON`, `MANGUOIDUNG`, `THOIGIAN`) VALUES ('MD013', 'tlskiet', '2022-11-04 14:09:23');
INSERT INTO `don_hang` (`MADON`, `MANGUOIDUNG`, `THOIGIAN`) VALUES ('MD014', '20120251', '2022-11-04 16:02:08');
INSERT INTO `don_hang` (`MADON`, `MANGUOIDUNG`, `THOIGIAN`) VALUES ('MD015', '20120244', '2022-11-05 06:02:49');
INSERT INTO `don_hang` (`MADON`, `MANGUOIDUNG`, `THOIGIAN`) VALUES ('MD016', 'pldnhat', '2022-11-05 06:20:46');
INSERT INTO `don_hang` (`MADON`, `MANGUOIDUNG`, `THOIGIAN`) VALUES ('MD017', 'nmngoc', '2022-11-05 10:26:45');
INSERT INTO `don_hang` (`MADON`, `MANGUOIDUNG`, `THOIGIAN`) VALUES ('MD018', '20120130', '2022-11-05 17:08:00');
INSERT INTO `don_hang` (`MADON`, `MANGUOIDUNG`, `THOIGIAN`) VALUES ('MD019', '20120244', '2022-11-06 07:27:01');
INSERT INTO `don_hang` (`MADON`, `MANGUOIDUNG`, `THOIGIAN`) VALUES ('MD020', '20120485', '2022-11-06 09:20:29');
INSERT INTO `don_hang` (`MADON`, `MANGUOIDUNG`, `THOIGIAN`) VALUES ('MD021', 'pldnhat', '2022-11-06 13:14:49');
INSERT INTO `don_hang` (`MADON`, `MANGUOIDUNG`, `THOIGIAN`) VALUES ('MD022', 'tlskiet', '2022-11-06 15:16:26');
INSERT INTO `don_hang` (`MADON`, `MANGUOIDUNG`, `THOIGIAN`) VALUES ('MD023', '20120251', '2022-11-08 11:18:11');
INSERT INTO `don_hang` (`MADON`, `MANGUOIDUNG`, `THOIGIAN`) VALUES ('MD024', '20120244', '2022-11-09 11:48:02');
INSERT INTO `don_hang` (`MADON`, `MANGUOIDUNG`, `THOIGIAN`) VALUES ('MD025', 'pldnhat', '2022-11-09 13:47:08');
INSERT INTO `don_hang` (`MADON`, `MANGUOIDUNG`, `THOIGIAN`) VALUES ('MD026', '20120485', '2022-11-09 14:05:53');
INSERT INTO `don_hang` (`MADON`, `MANGUOIDUNG`, `THOIGIAN`) VALUES ('MD027', 'nmngoc', '2022-11-09 16:31:26');
INSERT INTO `don_hang` (`MADON`, `MANGUOIDUNG`, `THOIGIAN`) VALUES ('MD028', '20120244', '2022-11-09 16:35:54');
INSERT INTO `don_hang` (`MADON`, `MANGUOIDUNG`, `THOIGIAN`) VALUES ('MD029', 'pldnhat', '2022-11-10 06:04:01');
INSERT INTO `don_hang` (`MADON`, `MANGUOIDUNG`, `THOIGIAN`) VALUES ('MD030', '20120244', '2022-11-10 09:43:22');
INSERT INTO `don_hang` (`MADON`, `MANGUOIDUNG`, `THOIGIAN`) VALUES ('MD031', 'nmngoc', '2022-11-10 11:33:57');
INSERT INTO `don_hang` (`MADON`, `MANGUOIDUNG`, `THOIGIAN`) VALUES ('MD032', '20120251', '2022-11-10 16:50:06');
INSERT INTO `don_hang` (`MADON`, `MANGUOIDUNG`, `THOIGIAN`) VALUES ('MD033', '20120130', '2022-11-11 11:38:11');
INSERT INTO `don_hang` (`MADON`, `MANGUOIDUNG`, `THOIGIAN`) VALUES ('MD034', 'pldnhat', '2022-11-11 15:04:46');
INSERT INTO `don_hang` (`MADON`, `MANGUOIDUNG`, `THOIGIAN`) VALUES ('MD035', '20120485', '2022-11-12 10:24:39');
INSERT INTO `don_hang` (`MADON`, `MANGUOIDUNG`, `THOIGIAN`) VALUES ('MD036', '20120244', '2022-11-12 11:44:52');
INSERT INTO `don_hang` (`MADON`, `MANGUOIDUNG`, `THOIGIAN`) VALUES ('MD037', 'nkchi', '2022-11-12 12:09:52');
INSERT INTO `don_hang` (`MADON`, `MANGUOIDUNG`, `THOIGIAN`) VALUES ('MD038', 'pldnhat', '2022-11-12 12:35:10');
INSERT INTO `don_hang` (`MADON`, `MANGUOIDUNG`, `THOIGIAN`) VALUES ('MD039', 'nmngoc', '2022-11-12 13:57:37');
INSERT INTO `don_hang` (`MADON`, `MANGUOIDUNG`, `THOIGIAN`) VALUES ('MD040', '20120244', '2022-11-12 15:35:19');
INSERT INTO `don_hang` (`MADON`, `MANGUOIDUNG`, `THOIGIAN`) VALUES ('MD041', 'pldnhat', '2022-11-12 15:43:12');
INSERT INTO `don_hang` (`MADON`, `MANGUOIDUNG`, `THOIGIAN`) VALUES ('MD042', '20120130', '2022-11-13 06:46:40');
INSERT INTO `don_hang` (`MADON`, `MANGUOIDUNG`, `THOIGIAN`) VALUES ('MD043', '20120485', '2022-11-13 16:52:38');
INSERT INTO `don_hang` (`MADON`, `MANGUOIDUNG`, `THOIGIAN`) VALUES ('MD044', 'pldnhat', '2022-11-15 10:36:21');
INSERT INTO `don_hang` (`MADON`, `MANGUOIDUNG`, `THOIGIAN`) VALUES ('MD045', '20120244', '2022-11-16 08:13:26');
INSERT INTO `don_hang` (`MADON`, `MANGUOIDUNG`, `THOIGIAN`) VALUES ('MD046', 'nkchi', '2022-11-16 13:04:43');
INSERT INTO `don_hang` (`MADON`, `MANGUOIDUNG`, `THOIGIAN`) VALUES ('MD047', '20120485', '2022-11-17 12:41:36');
INSERT INTO `don_hang` (`MADON`, `MANGUOIDUNG`, `THOIGIAN`) VALUES ('MD048', '20120244', '2022-11-18 07:18:17');
INSERT INTO `don_hang` (`MADON`, `MANGUOIDUNG`, `THOIGIAN`) VALUES ('MD049', 'nmngoc', '2022-11-18 07:34:29');
INSERT INTO `don_hang` (`MADON`, `MANGUOIDUNG`, `THOIGIAN`) VALUES ('MD050', '20120130', '2022-11-18 09:34:11');
INSERT INTO `don_hang` (`MADON`, `MANGUOIDUNG`, `THOIGIAN`) VALUES ('MD051', '20120251', '2022-11-18 16:38:42');
INSERT INTO `don_hang` (`MADON`, `MANGUOIDUNG`, `THOIGIAN`) VALUES ('MD052', '20120244', '2022-11-18 16:40:29');
INSERT INTO `don_hang` (`MADON`, `MANGUOIDUNG`, `THOIGIAN`) VALUES ('MD053', '20120251', '2022-11-19 06:56:38');
INSERT INTO `don_hang` (`MADON`, `MANGUOIDUNG`, `THOIGIAN`) VALUES ('MD054', 'pldnhat', '2022-11-19 12:22:44');
INSERT INTO `don_hang` (`MADON`, `MANGUOIDUNG`, `THOIGIAN`) VALUES ('MD055', 'tlskiet', '2022-11-19 13:47:21');
INSERT INTO `don_hang` (`MADON`, `MANGUOIDUNG`, `THOIGIAN`) VALUES ('MD056', 'nkchi', '2022-11-20 07:37:06');
INSERT INTO `don_hang` (`MADON`, `MANGUOIDUNG`, `THOIGIAN`) VALUES ('MD057', '20120130', '2022-11-20 13:54:23');
INSERT INTO `don_hang` (`MADON`, `MANGUOIDUNG`, `THOIGIAN`) VALUES ('MD058', '20120130', '2022-11-22 07:58:16');
INSERT INTO `don_hang` (`MADON`, `MANGUOIDUNG`, `THOIGIAN`) VALUES ('MD059', '20120251', '2022-11-22 07:59:17');
INSERT INTO `don_hang` (`MADON`, `MANGUOIDUNG`, `THOIGIAN`) VALUES ('MD060', '20120130', '2022-11-22 08:50:31');
INSERT INTO `don_hang` (`MADON`, `MANGUOIDUNG`, `THOIGIAN`) VALUES ('MD061', 'nmngoc', '2022-11-22 14:38:35');
INSERT INTO `don_hang` (`MADON`, `MANGUOIDUNG`, `THOIGIAN`) VALUES ('MD062', 'pldnhat', '2022-11-23 11:35:32');
INSERT INTO `don_hang` (`MADON`, `MANGUOIDUNG`, `THOIGIAN`) VALUES ('MD063', '20120244', '2022-11-23 14:29:54');
INSERT INTO `don_hang` (`MADON`, `MANGUOIDUNG`, `THOIGIAN`) VALUES ('MD064', 'pldnhat', '2022-11-23 15:57:19');
INSERT INTO `don_hang` (`MADON`, `MANGUOIDUNG`, `THOIGIAN`) VALUES ('MD065', 'tlskiet', '2022-11-24 10:32:05');
INSERT INTO `don_hang` (`MADON`, `MANGUOIDUNG`, `THOIGIAN`) VALUES ('MD066', 'nmngoc', '2022-11-24 13:02:19');
INSERT INTO `don_hang` (`MADON`, `MANGUOIDUNG`, `THOIGIAN`) VALUES ('MD067', 'nmngoc', '2022-11-24 13:18:38');
INSERT INTO `don_hang` (`MADON`, `MANGUOIDUNG`, `THOIGIAN`) VALUES ('MD068', '20120130', '2022-11-24 13:20:56');
INSERT INTO `don_hang` (`MADON`, `MANGUOIDUNG`, `THOIGIAN`) VALUES ('MD069', 'nkchi', '2022-11-24 13:45:13');
INSERT INTO `don_hang` (`MADON`, `MANGUOIDUNG`, `THOIGIAN`) VALUES ('MD070', '20120244', '2022-11-24 15:11:32');
INSERT INTO `don_hang` (`MADON`, `MANGUOIDUNG`, `THOIGIAN`) VALUES ('MD071', 'nmngoc', '2022-11-25 06:41:18');
INSERT INTO `don_hang` (`MADON`, `MANGUOIDUNG`, `THOIGIAN`) VALUES ('MD072', '20120485', '2022-11-25 08:05:09');
INSERT INTO `don_hang` (`MADON`, `MANGUOIDUNG`, `THOIGIAN`) VALUES ('MD073', '20120485', '2022-11-25 08:12:59');
INSERT INTO `don_hang` (`MADON`, `MANGUOIDUNG`, `THOIGIAN`) VALUES ('MD074', 'nkchi', '2022-11-25 08:33:52');
INSERT INTO `don_hang` (`MADON`, `MANGUOIDUNG`, `THOIGIAN`) VALUES ('MD075', 'nkchi', '2022-11-25 11:08:03');
INSERT INTO `don_hang` (`MADON`, `MANGUOIDUNG`, `THOIGIAN`) VALUES ('MD076', '20120485', '2022-11-25 11:49:02');
INSERT INTO `don_hang` (`MADON`, `MANGUOIDUNG`, `THOIGIAN`) VALUES ('MD077', '20120251', '2022-11-25 12:57:26');
INSERT INTO `don_hang` (`MADON`, `MANGUOIDUNG`, `THOIGIAN`) VALUES ('MD078', 'nkchi', '2022-11-25 17:25:56');
INSERT INTO `don_hang` (`MADON`, `MANGUOIDUNG`, `THOIGIAN`) VALUES ('MD079', '20120130', '2022-11-26 08:27:36');
INSERT INTO `don_hang` (`MADON`, `MANGUOIDUNG`, `THOIGIAN`) VALUES ('MD080', '20120251', '2022-11-26 11:34:14');
INSERT INTO `don_hang` (`MADON`, `MANGUOIDUNG`, `THOIGIAN`) VALUES ('MD081', '20120130', '2022-11-26 15:03:43');
INSERT INTO `don_hang` (`MADON`, `MANGUOIDUNG`, `THOIGIAN`) VALUES ('MD082', '20120130', '2022-11-26 16:20:14');
INSERT INTO `don_hang` (`MADON`, `MANGUOIDUNG`, `THOIGIAN`) VALUES ('MD083', 'nkchi', '2022-11-27 16:03:44');
INSERT INTO `don_hang` (`MADON`, `MANGUOIDUNG`, `THOIGIAN`) VALUES ('MD084', '20120251', '2022-11-27 16:33:08');
INSERT INTO `don_hang` (`MADON`, `MANGUOIDUNG`, `THOIGIAN`) VALUES ('MD085', '20120251', '2022-11-27 17:53:49');
INSERT INTO `don_hang` (`MADON`, `MANGUOIDUNG`, `THOIGIAN`) VALUES ('MD086', 'nkchi', '2022-11-29 10:51:02');
INSERT INTO `don_hang` (`MADON`, `MANGUOIDUNG`, `THOIGIAN`) VALUES ('MD087', 'pldnhat', '2022-11-30 06:39:33');
INSERT INTO `don_hang` (`MADON`, `MANGUOIDUNG`, `THOIGIAN`) VALUES ('MD088', '20120244', '2022-11-30 08:49:37');
INSERT INTO `don_hang` (`MADON`, `MANGUOIDUNG`, `THOIGIAN`) VALUES ('MD089', '20120244', '2022-11-30 09:19:16');
INSERT INTO `don_hang` (`MADON`, `MANGUOIDUNG`, `THOIGIAN`) VALUES ('MD090', '20120244', '2022-11-30 14:09:28');

INSERT INTO `ct_don` (`MADON`, `MAHANG`, `SOLUONG`, `THANHTIEN`) VALUES ('MD001', 'MH004', '2', '60000');
INSERT INTO `ct_don` (`MADON`, `MAHANG`, `SOLUONG`, `THANHTIEN`) VALUES ('MD002', 'MH007', '1', '10000');
INSERT INTO `ct_don` (`MADON`, `MAHANG`, `SOLUONG`, `THANHTIEN`) VALUES ('MD003', 'MH009', '2', '20000');
INSERT INTO `ct_don` (`MADON`, `MAHANG`, `SOLUONG`, `THANHTIEN`) VALUES ('MD004', 'MH008', '4', '40000');
INSERT INTO `ct_don` (`MADON`, `MAHANG`, `SOLUONG`, `THANHTIEN`) VALUES ('MD004', 'MH004', '3', '90000');
INSERT INTO `ct_don` (`MADON`, `MAHANG`, `SOLUONG`, `THANHTIEN`) VALUES ('MD005', 'MH002', '4', '120000');
INSERT INTO `ct_don` (`MADON`, `MAHANG`, `SOLUONG`, `THANHTIEN`) VALUES ('MD005', 'MH003', '1', '30000');
INSERT INTO `ct_don` (`MADON`, `MAHANG`, `SOLUONG`, `THANHTIEN`) VALUES ('MD005', 'MH007', '2', '20000');
INSERT INTO `ct_don` (`MADON`, `MAHANG`, `SOLUONG`, `THANHTIEN`) VALUES ('MD006', 'MH007', '1', '10000');
INSERT INTO `ct_don` (`MADON`, `MAHANG`, `SOLUONG`, `THANHTIEN`) VALUES ('MD006', 'MH002', '1', '30000');
INSERT INTO `ct_don` (`MADON`, `MAHANG`, `SOLUONG`, `THANHTIEN`) VALUES ('MD006', 'MH006', '3', '45000');
INSERT INTO `ct_don` (`MADON`, `MAHANG`, `SOLUONG`, `THANHTIEN`) VALUES ('MD007', 'MH001', '4', '120000');
INSERT INTO `ct_don` (`MADON`, `MAHANG`, `SOLUONG`, `THANHTIEN`) VALUES ('MD008', 'MH004', '4', '120000');
INSERT INTO `ct_don` (`MADON`, `MAHANG`, `SOLUONG`, `THANHTIEN`) VALUES ('MD009', 'MH005', '1', '30000');
INSERT INTO `ct_don` (`MADON`, `MAHANG`, `SOLUONG`, `THANHTIEN`) VALUES ('MD009', 'MH007', '4', '40000');
INSERT INTO `ct_don` (`MADON`, `MAHANG`, `SOLUONG`, `THANHTIEN`) VALUES ('MD010', 'MH004', '4', '120000');
INSERT INTO `ct_don` (`MADON`, `MAHANG`, `SOLUONG`, `THANHTIEN`) VALUES ('MD010', 'MH001', '3', '90000');
INSERT INTO `ct_don` (`MADON`, `MAHANG`, `SOLUONG`, `THANHTIEN`) VALUES ('MD011', 'MH008', '1', '10000');
INSERT INTO `ct_don` (`MADON`, `MAHANG`, `SOLUONG`, `THANHTIEN`) VALUES ('MD012', 'MH010', '1', '5000');
INSERT INTO `ct_don` (`MADON`, `MAHANG`, `SOLUONG`, `THANHTIEN`) VALUES ('MD012', 'MH002', '4', '120000');
INSERT INTO `ct_don` (`MADON`, `MAHANG`, `SOLUONG`, `THANHTIEN`) VALUES ('MD012', 'MH001', '3', '90000');
INSERT INTO `ct_don` (`MADON`, `MAHANG`, `SOLUONG`, `THANHTIEN`) VALUES ('MD013', 'MH010', '3', '15000');
INSERT INTO `ct_don` (`MADON`, `MAHANG`, `SOLUONG`, `THANHTIEN`) VALUES ('MD014', 'MH006', '4', '60000');
INSERT INTO `ct_don` (`MADON`, `MAHANG`, `SOLUONG`, `THANHTIEN`) VALUES ('MD015', 'MH003', '4', '120000');
INSERT INTO `ct_don` (`MADON`, `MAHANG`, `SOLUONG`, `THANHTIEN`) VALUES ('MD015', 'MH002', '3', '90000');
INSERT INTO `ct_don` (`MADON`, `MAHANG`, `SOLUONG`, `THANHTIEN`) VALUES ('MD015', 'MH007', '4', '40000');
INSERT INTO `ct_don` (`MADON`, `MAHANG`, `SOLUONG`, `THANHTIEN`) VALUES ('MD015', 'MH005', '1', '30000');
INSERT INTO `ct_don` (`MADON`, `MAHANG`, `SOLUONG`, `THANHTIEN`) VALUES ('MD016', 'MH008', '2', '20000');
INSERT INTO `ct_don` (`MADON`, `MAHANG`, `SOLUONG`, `THANHTIEN`) VALUES ('MD017', 'MH005', '1', '30000');
INSERT INTO `ct_don` (`MADON`, `MAHANG`, `SOLUONG`, `THANHTIEN`) VALUES ('MD017', 'MH001', '3', '90000');
INSERT INTO `ct_don` (`MADON`, `MAHANG`, `SOLUONG`, `THANHTIEN`) VALUES ('MD018', 'MH001', '2', '60000');
INSERT INTO `ct_don` (`MADON`, `MAHANG`, `SOLUONG`, `THANHTIEN`) VALUES ('MD019', 'MH002', '1', '30000');
INSERT INTO `ct_don` (`MADON`, `MAHANG`, `SOLUONG`, `THANHTIEN`) VALUES ('MD020', 'MH008', '3', '30000');
INSERT INTO `ct_don` (`MADON`, `MAHANG`, `SOLUONG`, `THANHTIEN`) VALUES ('MD021', 'MH007', '4', '40000');
INSERT INTO `ct_don` (`MADON`, `MAHANG`, `SOLUONG`, `THANHTIEN`) VALUES ('MD021', 'MH003', '4', '120000');
INSERT INTO `ct_don` (`MADON`, `MAHANG`, `SOLUONG`, `THANHTIEN`) VALUES ('MD022', 'MH009', '3', '30000');
INSERT INTO `ct_don` (`MADON`, `MAHANG`, `SOLUONG`, `THANHTIEN`) VALUES ('MD022', 'MH010', '2', '10000');
INSERT INTO `ct_don` (`MADON`, `MAHANG`, `SOLUONG`, `THANHTIEN`) VALUES ('MD022', 'MH008', '1', '10000');
INSERT INTO `ct_don` (`MADON`, `MAHANG`, `SOLUONG`, `THANHTIEN`) VALUES ('MD023', 'MH005', '1', '30000');
INSERT INTO `ct_don` (`MADON`, `MAHANG`, `SOLUONG`, `THANHTIEN`) VALUES ('MD023', 'MH003', '1', '30000');
INSERT INTO `ct_don` (`MADON`, `MAHANG`, `SOLUONG`, `THANHTIEN`) VALUES ('MD024', 'MH002', '4', '120000');
INSERT INTO `ct_don` (`MADON`, `MAHANG`, `SOLUONG`, `THANHTIEN`) VALUES ('MD024', 'MH001', '1', '30000');
INSERT INTO `ct_don` (`MADON`, `MAHANG`, `SOLUONG`, `THANHTIEN`) VALUES ('MD024', 'MH008', '3', '30000');
INSERT INTO `ct_don` (`MADON`, `MAHANG`, `SOLUONG`, `THANHTIEN`) VALUES ('MD024', 'MH003', '4', '120000');
INSERT INTO `ct_don` (`MADON`, `MAHANG`, `SOLUONG`, `THANHTIEN`) VALUES ('MD025', 'MH003', '4', '120000');
INSERT INTO `ct_don` (`MADON`, `MAHANG`, `SOLUONG`, `THANHTIEN`) VALUES ('MD026', 'MH004', '1', '30000');
INSERT INTO `ct_don` (`MADON`, `MAHANG`, `SOLUONG`, `THANHTIEN`) VALUES ('MD027', 'MH005', '3', '90000');
INSERT INTO `ct_don` (`MADON`, `MAHANG`, `SOLUONG`, `THANHTIEN`) VALUES ('MD028', 'MH008', '3', '30000');
INSERT INTO `ct_don` (`MADON`, `MAHANG`, `SOLUONG`, `THANHTIEN`) VALUES ('MD029', 'MH003', '1', '30000');
INSERT INTO `ct_don` (`MADON`, `MAHANG`, `SOLUONG`, `THANHTIEN`) VALUES ('MD030', 'MH008', '3', '30000');
INSERT INTO `ct_don` (`MADON`, `MAHANG`, `SOLUONG`, `THANHTIEN`) VALUES ('MD030', 'MH001', '1', '30000');
INSERT INTO `ct_don` (`MADON`, `MAHANG`, `SOLUONG`, `THANHTIEN`) VALUES ('MD031', 'MH007', '3', '30000');
INSERT INTO `ct_don` (`MADON`, `MAHANG`, `SOLUONG`, `THANHTIEN`) VALUES ('MD031', 'MH005', '3', '90000');
INSERT INTO `ct_don` (`MADON`, `MAHANG`, `SOLUONG`, `THANHTIEN`) VALUES ('MD031', 'MH004', '1', '30000');
INSERT INTO `ct_don` (`MADON`, `MAHANG`, `SOLUONG`, `THANHTIEN`) VALUES ('MD032', 'MH004', '1', '30000');
INSERT INTO `ct_don` (`MADON`, `MAHANG`, `SOLUONG`, `THANHTIEN`) VALUES ('MD032', 'MH001', '4', '120000');
INSERT INTO `ct_don` (`MADON`, `MAHANG`, `SOLUONG`, `THANHTIEN`) VALUES ('MD032', 'MH005', '2', '60000');
INSERT INTO `ct_don` (`MADON`, `MAHANG`, `SOLUONG`, `THANHTIEN`) VALUES ('MD033', 'MH006', '3', '45000');
INSERT INTO `ct_don` (`MADON`, `MAHANG`, `SOLUONG`, `THANHTIEN`) VALUES ('MD033', 'MH003', '2', '60000');
INSERT INTO `ct_don` (`MADON`, `MAHANG`, `SOLUONG`, `THANHTIEN`) VALUES ('MD033', 'MH002', '4', '120000');
INSERT INTO `ct_don` (`MADON`, `MAHANG`, `SOLUONG`, `THANHTIEN`) VALUES ('MD034', 'MH010', '2', '10000');
INSERT INTO `ct_don` (`MADON`, `MAHANG`, `SOLUONG`, `THANHTIEN`) VALUES ('MD035', 'MH003', '2', '60000');
INSERT INTO `ct_don` (`MADON`, `MAHANG`, `SOLUONG`, `THANHTIEN`) VALUES ('MD035', 'MH007', '3', '30000');
INSERT INTO `ct_don` (`MADON`, `MAHANG`, `SOLUONG`, `THANHTIEN`) VALUES ('MD036', 'MH010', '1', '5000');
INSERT INTO `ct_don` (`MADON`, `MAHANG`, `SOLUONG`, `THANHTIEN`) VALUES ('MD036', 'MH005', '2', '60000');
INSERT INTO `ct_don` (`MADON`, `MAHANG`, `SOLUONG`, `THANHTIEN`) VALUES ('MD036', 'MH004', '4', '120000');
INSERT INTO `ct_don` (`MADON`, `MAHANG`, `SOLUONG`, `THANHTIEN`) VALUES ('MD037', 'MH004', '2', '60000');
INSERT INTO `ct_don` (`MADON`, `MAHANG`, `SOLUONG`, `THANHTIEN`) VALUES ('MD038', 'MH010', '2', '10000');
INSERT INTO `ct_don` (`MADON`, `MAHANG`, `SOLUONG`, `THANHTIEN`) VALUES ('MD038', 'MH009', '3', '30000');
INSERT INTO `ct_don` (`MADON`, `MAHANG`, `SOLUONG`, `THANHTIEN`) VALUES ('MD038', 'MH002', '3', '90000');
INSERT INTO `ct_don` (`MADON`, `MAHANG`, `SOLUONG`, `THANHTIEN`) VALUES ('MD039', 'MH001', '1', '30000');
INSERT INTO `ct_don` (`MADON`, `MAHANG`, `SOLUONG`, `THANHTIEN`) VALUES ('MD039', 'MH006', '2', '30000');
INSERT INTO `ct_don` (`MADON`, `MAHANG`, `SOLUONG`, `THANHTIEN`) VALUES ('MD040', 'MH006', '3', '45000');
INSERT INTO `ct_don` (`MADON`, `MAHANG`, `SOLUONG`, `THANHTIEN`) VALUES ('MD041', 'MH005', '3', '90000');
INSERT INTO `ct_don` (`MADON`, `MAHANG`, `SOLUONG`, `THANHTIEN`) VALUES ('MD041', 'MH003', '2', '60000');
INSERT INTO `ct_don` (`MADON`, `MAHANG`, `SOLUONG`, `THANHTIEN`) VALUES ('MD041', 'MH010', '1', '5000');
INSERT INTO `ct_don` (`MADON`, `MAHANG`, `SOLUONG`, `THANHTIEN`) VALUES ('MD042', 'MH005', '4', '120000');
INSERT INTO `ct_don` (`MADON`, `MAHANG`, `SOLUONG`, `THANHTIEN`) VALUES ('MD042', 'MH006', '1', '15000');
INSERT INTO `ct_don` (`MADON`, `MAHANG`, `SOLUONG`, `THANHTIEN`) VALUES ('MD043', 'MH008', '3', '30000');
INSERT INTO `ct_don` (`MADON`, `MAHANG`, `SOLUONG`, `THANHTIEN`) VALUES ('MD043', 'MH002', '2', '60000');
INSERT INTO `ct_don` (`MADON`, `MAHANG`, `SOLUONG`, `THANHTIEN`) VALUES ('MD043', 'MH004', '1', '30000');
INSERT INTO `ct_don` (`MADON`, `MAHANG`, `SOLUONG`, `THANHTIEN`) VALUES ('MD044', 'MH007', '4', '40000');
INSERT INTO `ct_don` (`MADON`, `MAHANG`, `SOLUONG`, `THANHTIEN`) VALUES ('MD044', 'MH008', '3', '30000');
INSERT INTO `ct_don` (`MADON`, `MAHANG`, `SOLUONG`, `THANHTIEN`) VALUES ('MD044', 'MH005', '2', '60000');
INSERT INTO `ct_don` (`MADON`, `MAHANG`, `SOLUONG`, `THANHTIEN`) VALUES ('MD045', 'MH007', '4', '40000');
INSERT INTO `ct_don` (`MADON`, `MAHANG`, `SOLUONG`, `THANHTIEN`) VALUES ('MD045', 'MH005', '3', '90000');
INSERT INTO `ct_don` (`MADON`, `MAHANG`, `SOLUONG`, `THANHTIEN`) VALUES ('MD046', 'MH003', '3', '90000');
INSERT INTO `ct_don` (`MADON`, `MAHANG`, `SOLUONG`, `THANHTIEN`) VALUES ('MD046', 'MH005', '1', '30000');
INSERT INTO `ct_don` (`MADON`, `MAHANG`, `SOLUONG`, `THANHTIEN`) VALUES ('MD046', 'MH006', '1', '15000');
INSERT INTO `ct_don` (`MADON`, `MAHANG`, `SOLUONG`, `THANHTIEN`) VALUES ('MD047', 'MH001', '3', '90000');
INSERT INTO `ct_don` (`MADON`, `MAHANG`, `SOLUONG`, `THANHTIEN`) VALUES ('MD047', 'MH003', '2', '60000');
INSERT INTO `ct_don` (`MADON`, `MAHANG`, `SOLUONG`, `THANHTIEN`) VALUES ('MD047', 'MH009', '2', '20000');
INSERT INTO `ct_don` (`MADON`, `MAHANG`, `SOLUONG`, `THANHTIEN`) VALUES ('MD047', 'MH008', '2', '20000');
INSERT INTO `ct_don` (`MADON`, `MAHANG`, `SOLUONG`, `THANHTIEN`) VALUES ('MD048', 'MH001', '1', '30000');
INSERT INTO `ct_don` (`MADON`, `MAHANG`, `SOLUONG`, `THANHTIEN`) VALUES ('MD049', 'MH010', '3', '15000');
INSERT INTO `ct_don` (`MADON`, `MAHANG`, `SOLUONG`, `THANHTIEN`) VALUES ('MD050', 'MH010', '1', '5000');
INSERT INTO `ct_don` (`MADON`, `MAHANG`, `SOLUONG`, `THANHTIEN`) VALUES ('MD051', 'MH001', '3', '90000');
INSERT INTO `ct_don` (`MADON`, `MAHANG`, `SOLUONG`, `THANHTIEN`) VALUES ('MD052', 'MH007', '3', '30000');
INSERT INTO `ct_don` (`MADON`, `MAHANG`, `SOLUONG`, `THANHTIEN`) VALUES ('MD053', 'MH007', '2', '20000');
INSERT INTO `ct_don` (`MADON`, `MAHANG`, `SOLUONG`, `THANHTIEN`) VALUES ('MD054', 'MH003', '2', '60000');
INSERT INTO `ct_don` (`MADON`, `MAHANG`, `SOLUONG`, `THANHTIEN`) VALUES ('MD055', 'MH004', '2', '60000');
INSERT INTO `ct_don` (`MADON`, `MAHANG`, `SOLUONG`, `THANHTIEN`) VALUES ('MD056', 'MH002', '3', '90000');
INSERT INTO `ct_don` (`MADON`, `MAHANG`, `SOLUONG`, `THANHTIEN`) VALUES ('MD057', 'MH001', '4', '120000');
INSERT INTO `ct_don` (`MADON`, `MAHANG`, `SOLUONG`, `THANHTIEN`) VALUES ('MD057', 'MH004', '4', '120000');
INSERT INTO `ct_don` (`MADON`, `MAHANG`, `SOLUONG`, `THANHTIEN`) VALUES ('MD057', 'MH007', '1', '10000');
INSERT INTO `ct_don` (`MADON`, `MAHANG`, `SOLUONG`, `THANHTIEN`) VALUES ('MD057', 'MH010', '4', '20000');
INSERT INTO `ct_don` (`MADON`, `MAHANG`, `SOLUONG`, `THANHTIEN`) VALUES ('MD057', 'MH008', '2', '20000');
INSERT INTO `ct_don` (`MADON`, `MAHANG`, `SOLUONG`, `THANHTIEN`) VALUES ('MD058', 'MH006', '2', '30000');
INSERT INTO `ct_don` (`MADON`, `MAHANG`, `SOLUONG`, `THANHTIEN`) VALUES ('MD058', 'MH001', '2', '60000');
INSERT INTO `ct_don` (`MADON`, `MAHANG`, `SOLUONG`, `THANHTIEN`) VALUES ('MD058', 'MH007', '4', '40000');
INSERT INTO `ct_don` (`MADON`, `MAHANG`, `SOLUONG`, `THANHTIEN`) VALUES ('MD058', 'MH009', '4', '40000');
INSERT INTO `ct_don` (`MADON`, `MAHANG`, `SOLUONG`, `THANHTIEN`) VALUES ('MD059', 'MH001', '1', '30000');
INSERT INTO `ct_don` (`MADON`, `MAHANG`, `SOLUONG`, `THANHTIEN`) VALUES ('MD059', 'MH005', '1', '30000');
INSERT INTO `ct_don` (`MADON`, `MAHANG`, `SOLUONG`, `THANHTIEN`) VALUES ('MD059', 'MH007', '1', '10000');
INSERT INTO `ct_don` (`MADON`, `MAHANG`, `SOLUONG`, `THANHTIEN`) VALUES ('MD060', 'MH001', '2', '60000');
INSERT INTO `ct_don` (`MADON`, `MAHANG`, `SOLUONG`, `THANHTIEN`) VALUES ('MD060', 'MH005', '4', '120000');
INSERT INTO `ct_don` (`MADON`, `MAHANG`, `SOLUONG`, `THANHTIEN`) VALUES ('MD060', 'MH003', '2', '60000');
INSERT INTO `ct_don` (`MADON`, `MAHANG`, `SOLUONG`, `THANHTIEN`) VALUES ('MD060', 'MH004', '3', '90000');
INSERT INTO `ct_don` (`MADON`, `MAHANG`, `SOLUONG`, `THANHTIEN`) VALUES ('MD060', 'MH009', '1', '10000');
INSERT INTO `ct_don` (`MADON`, `MAHANG`, `SOLUONG`, `THANHTIEN`) VALUES ('MD061', 'MH005', '2', '60000');
INSERT INTO `ct_don` (`MADON`, `MAHANG`, `SOLUONG`, `THANHTIEN`) VALUES ('MD062', 'MH003', '4', '120000');
INSERT INTO `ct_don` (`MADON`, `MAHANG`, `SOLUONG`, `THANHTIEN`) VALUES ('MD062', 'MH005', '4', '120000');
INSERT INTO `ct_don` (`MADON`, `MAHANG`, `SOLUONG`, `THANHTIEN`) VALUES ('MD062', 'MH007', '4', '40000');
INSERT INTO `ct_don` (`MADON`, `MAHANG`, `SOLUONG`, `THANHTIEN`) VALUES ('MD063', 'MH003', '4', '120000');
INSERT INTO `ct_don` (`MADON`, `MAHANG`, `SOLUONG`, `THANHTIEN`) VALUES ('MD063', 'MH010', '3', '15000');
INSERT INTO `ct_don` (`MADON`, `MAHANG`, `SOLUONG`, `THANHTIEN`) VALUES ('MD064', 'MH003', '4', '120000');
INSERT INTO `ct_don` (`MADON`, `MAHANG`, `SOLUONG`, `THANHTIEN`) VALUES ('MD065', 'MH003', '3', '90000');
INSERT INTO `ct_don` (`MADON`, `MAHANG`, `SOLUONG`, `THANHTIEN`) VALUES ('MD065', 'MH004', '2', '60000');
INSERT INTO `ct_don` (`MADON`, `MAHANG`, `SOLUONG`, `THANHTIEN`) VALUES ('MD066', 'MH007', '2', '20000');
INSERT INTO `ct_don` (`MADON`, `MAHANG`, `SOLUONG`, `THANHTIEN`) VALUES ('MD066', 'MH006', '1', '15000');
INSERT INTO `ct_don` (`MADON`, `MAHANG`, `SOLUONG`, `THANHTIEN`) VALUES ('MD066', 'MH002', '4', '120000');
INSERT INTO `ct_don` (`MADON`, `MAHANG`, `SOLUONG`, `THANHTIEN`) VALUES ('MD067', 'MH005', '2', '60000');
INSERT INTO `ct_don` (`MADON`, `MAHANG`, `SOLUONG`, `THANHTIEN`) VALUES ('MD067', 'MH003', '1', '30000');
INSERT INTO `ct_don` (`MADON`, `MAHANG`, `SOLUONG`, `THANHTIEN`) VALUES ('MD068', 'MH008', '4', '40000');
INSERT INTO `ct_don` (`MADON`, `MAHANG`, `SOLUONG`, `THANHTIEN`) VALUES ('MD069', 'MH001', '3', '90000');
INSERT INTO `ct_don` (`MADON`, `MAHANG`, `SOLUONG`, `THANHTIEN`) VALUES ('MD070', 'MH010', '3', '15000');
INSERT INTO `ct_don` (`MADON`, `MAHANG`, `SOLUONG`, `THANHTIEN`) VALUES ('MD070', 'MH001', '3', '90000');
INSERT INTO `ct_don` (`MADON`, `MAHANG`, `SOLUONG`, `THANHTIEN`) VALUES ('MD070', 'MH009', '2', '20000');
INSERT INTO `ct_don` (`MADON`, `MAHANG`, `SOLUONG`, `THANHTIEN`) VALUES ('MD070', 'MH004', '2', '60000');
INSERT INTO `ct_don` (`MADON`, `MAHANG`, `SOLUONG`, `THANHTIEN`) VALUES ('MD071', 'MH008', '3', '30000');
INSERT INTO `ct_don` (`MADON`, `MAHANG`, `SOLUONG`, `THANHTIEN`) VALUES ('MD071', 'MH006', '4', '60000');
INSERT INTO `ct_don` (`MADON`, `MAHANG`, `SOLUONG`, `THANHTIEN`) VALUES ('MD071', 'MH001', '2', '60000');
INSERT INTO `ct_don` (`MADON`, `MAHANG`, `SOLUONG`, `THANHTIEN`) VALUES ('MD072', 'MH008', '3', '30000');
INSERT INTO `ct_don` (`MADON`, `MAHANG`, `SOLUONG`, `THANHTIEN`) VALUES ('MD072', 'MH004', '3', '90000');
INSERT INTO `ct_don` (`MADON`, `MAHANG`, `SOLUONG`, `THANHTIEN`) VALUES ('MD073', 'MH002', '1', '30000');
INSERT INTO `ct_don` (`MADON`, `MAHANG`, `SOLUONG`, `THANHTIEN`) VALUES ('MD073', 'MH005', '2', '60000');
INSERT INTO `ct_don` (`MADON`, `MAHANG`, `SOLUONG`, `THANHTIEN`) VALUES ('MD074', 'MH007', '2', '20000');
INSERT INTO `ct_don` (`MADON`, `MAHANG`, `SOLUONG`, `THANHTIEN`) VALUES ('MD075', 'MH009', '4', '40000');
INSERT INTO `ct_don` (`MADON`, `MAHANG`, `SOLUONG`, `THANHTIEN`) VALUES ('MD075', 'MH002', '4', '120000');
INSERT INTO `ct_don` (`MADON`, `MAHANG`, `SOLUONG`, `THANHTIEN`) VALUES ('MD075', 'MH003', '1', '30000');
INSERT INTO `ct_don` (`MADON`, `MAHANG`, `SOLUONG`, `THANHTIEN`) VALUES ('MD076', 'MH009', '4', '40000');
INSERT INTO `ct_don` (`MADON`, `MAHANG`, `SOLUONG`, `THANHTIEN`) VALUES ('MD076', 'MH002', '1', '30000');
INSERT INTO `ct_don` (`MADON`, `MAHANG`, `SOLUONG`, `THANHTIEN`) VALUES ('MD077', 'MH005', '2', '60000');
INSERT INTO `ct_don` (`MADON`, `MAHANG`, `SOLUONG`, `THANHTIEN`) VALUES ('MD078', 'MH010', '1', '5000');
INSERT INTO `ct_don` (`MADON`, `MAHANG`, `SOLUONG`, `THANHTIEN`) VALUES ('MD078', 'MH001', '4', '120000');
INSERT INTO `ct_don` (`MADON`, `MAHANG`, `SOLUONG`, `THANHTIEN`) VALUES ('MD079', 'MH002', '2', '60000');
INSERT INTO `ct_don` (`MADON`, `MAHANG`, `SOLUONG`, `THANHTIEN`) VALUES ('MD080', 'MH005', '3', '90000');
INSERT INTO `ct_don` (`MADON`, `MAHANG`, `SOLUONG`, `THANHTIEN`) VALUES ('MD080', 'MH007', '2', '20000');
INSERT INTO `ct_don` (`MADON`, `MAHANG`, `SOLUONG`, `THANHTIEN`) VALUES ('MD080', 'MH009', '2', '20000');
INSERT INTO `ct_don` (`MADON`, `MAHANG`, `SOLUONG`, `THANHTIEN`) VALUES ('MD081', 'MH002', '1', '30000');
INSERT INTO `ct_don` (`MADON`, `MAHANG`, `SOLUONG`, `THANHTIEN`) VALUES ('MD082', 'MH003', '1', '30000');
INSERT INTO `ct_don` (`MADON`, `MAHANG`, `SOLUONG`, `THANHTIEN`) VALUES ('MD082', 'MH006', '3', '45000');
INSERT INTO `ct_don` (`MADON`, `MAHANG`, `SOLUONG`, `THANHTIEN`) VALUES ('MD082', 'MH009', '3', '30000');
INSERT INTO `ct_don` (`MADON`, `MAHANG`, `SOLUONG`, `THANHTIEN`) VALUES ('MD082', 'MH008', '4', '40000');
INSERT INTO `ct_don` (`MADON`, `MAHANG`, `SOLUONG`, `THANHTIEN`) VALUES ('MD083', 'MH010', '3', '15000');
INSERT INTO `ct_don` (`MADON`, `MAHANG`, `SOLUONG`, `THANHTIEN`) VALUES ('MD083', 'MH009', '1', '10000');
INSERT INTO `ct_don` (`MADON`, `MAHANG`, `SOLUONG`, `THANHTIEN`) VALUES ('MD083', 'MH003', '4', '120000');
INSERT INTO `ct_don` (`MADON`, `MAHANG`, `SOLUONG`, `THANHTIEN`) VALUES ('MD084', 'MH006', '4', '60000');
INSERT INTO `ct_don` (`MADON`, `MAHANG`, `SOLUONG`, `THANHTIEN`) VALUES ('MD085', 'MH010', '2', '10000');
INSERT INTO `ct_don` (`MADON`, `MAHANG`, `SOLUONG`, `THANHTIEN`) VALUES ('MD085', 'MH007', '1', '10000');
INSERT INTO `ct_don` (`MADON`, `MAHANG`, `SOLUONG`, `THANHTIEN`) VALUES ('MD085', 'MH008', '1', '10000');
INSERT INTO `ct_don` (`MADON`, `MAHANG`, `SOLUONG`, `THANHTIEN`) VALUES ('MD086', 'MH009', '4', '40000');
INSERT INTO `ct_don` (`MADON`, `MAHANG`, `SOLUONG`, `THANHTIEN`) VALUES ('MD086', 'MH002', '2', '60000');
INSERT INTO `ct_don` (`MADON`, `MAHANG`, `SOLUONG`, `THANHTIEN`) VALUES ('MD086', 'MH006', '3', '45000');
INSERT INTO `ct_don` (`MADON`, `MAHANG`, `SOLUONG`, `THANHTIEN`) VALUES ('MD086', 'MH001', '1', '30000');
INSERT INTO `ct_don` (`MADON`, `MAHANG`, `SOLUONG`, `THANHTIEN`) VALUES ('MD087', 'MH004', '2', '60000');
INSERT INTO `ct_don` (`MADON`, `MAHANG`, `SOLUONG`, `THANHTIEN`) VALUES ('MD088', 'MH010', '1', '5000');
INSERT INTO `ct_don` (`MADON`, `MAHANG`, `SOLUONG`, `THANHTIEN`) VALUES ('MD088', 'MH005', '3', '90000');
INSERT INTO `ct_don` (`MADON`, `MAHANG`, `SOLUONG`, `THANHTIEN`) VALUES ('MD089', 'MH010', '3', '15000');
INSERT INTO `ct_don` (`MADON`, `MAHANG`, `SOLUONG`, `THANHTIEN`) VALUES ('MD090', 'MH001', '2', '60000');

INSERT INTO `phieu_nhap_hang` (`MAPHIEUNHAP`, `NGAYNHAP`, `DIACHIKHO`) VALUES ('PN001', '2022-11-01', 'Gò Vấp');
INSERT INTO `phieu_nhap_hang` (`MAPHIEUNHAP`, `NGAYNHAP`, `DIACHIKHO`) VALUES ('PN002', '2022-11-02', 'Q2');
INSERT INTO `phieu_nhap_hang` (`MAPHIEUNHAP`, `NGAYNHAP`, `DIACHIKHO`) VALUES ('PN003', '2022-11-03', 'Q1');
INSERT INTO `phieu_nhap_hang` (`MAPHIEUNHAP`, `NGAYNHAP`, `DIACHIKHO`) VALUES ('PN004', '2022-11-04', 'Q3');
INSERT INTO `phieu_nhap_hang` (`MAPHIEUNHAP`, `NGAYNHAP`, `DIACHIKHO`) VALUES ('PN005', '2022-11-05', 'Thủ Đức');
INSERT INTO `phieu_nhap_hang` (`MAPHIEUNHAP`, `NGAYNHAP`, `DIACHIKHO`) VALUES ('PN006', '2022-11-06', 'Q11');
INSERT INTO `phieu_nhap_hang` (`MAPHIEUNHAP`, `NGAYNHAP`, `DIACHIKHO`) VALUES ('PN007', '2022-11-08', 'Q12');
INSERT INTO `phieu_nhap_hang` (`MAPHIEUNHAP`, `NGAYNHAP`, `DIACHIKHO`) VALUES ('PN008', '2022-11-09', 'Bình Tân');
INSERT INTO `phieu_nhap_hang` (`MAPHIEUNHAP`, `NGAYNHAP`, `DIACHIKHO`) VALUES ('PN009', '2022-11-10', 'Hóc Môn');
INSERT INTO `phieu_nhap_hang` (`MAPHIEUNHAP`, `NGAYNHAP`, `DIACHIKHO`) VALUES ('PN010', '2022-11-11', 'Củ Chi');
INSERT INTO `phieu_nhap_hang` (`MAPHIEUNHAP`, `NGAYNHAP`, `DIACHIKHO`) VALUES ('PN011', '2022-11-12', 'Nhà Bè');
INSERT INTO `phieu_nhap_hang` (`MAPHIEUNHAP`, `NGAYNHAP`, `DIACHIKHO`) VALUES ('PN012', '2022-11-13', 'Q7');
INSERT INTO `phieu_nhap_hang` (`MAPHIEUNHAP`, `NGAYNHAP`, `DIACHIKHO`) VALUES ('PN013', '2022-11-15', 'Q6');
INSERT INTO `phieu_nhap_hang` (`MAPHIEUNHAP`, `NGAYNHAP`, `DIACHIKHO`) VALUES ('PN014', '2022-11-16', 'Gò Vấp');
INSERT INTO `phieu_nhap_hang` (`MAPHIEUNHAP`, `NGAYNHAP`, `DIACHIKHO`) VALUES ('PN015', '2022-11-17', 'Q1');
INSERT INTO `phieu_nhap_hang` (`MAPHIEUNHAP`, `NGAYNHAP`, `DIACHIKHO`) VALUES ('PN016', '2022-11-18', 'Q2');
INSERT INTO `phieu_nhap_hang` (`MAPHIEUNHAP`, `NGAYNHAP`, `DIACHIKHO`) VALUES ('PN017', '2022-11-19', 'Q4');
INSERT INTO `phieu_nhap_hang` (`MAPHIEUNHAP`, `NGAYNHAP`, `DIACHIKHO`) VALUES ('PN018', '2022-11-20', 'Q3');
INSERT INTO `phieu_nhap_hang` (`MAPHIEUNHAP`, `NGAYNHAP`, `DIACHIKHO`) VALUES ('PN019', '2022-11-22', 'Gò Vấp');
INSERT INTO `phieu_nhap_hang` (`MAPHIEUNHAP`, `NGAYNHAP`, `DIACHIKHO`) VALUES ('PN020', '2022-11-23', 'Gò Vấp');
INSERT INTO `phieu_nhap_hang` (`MAPHIEUNHAP`, `NGAYNHAP`, `DIACHIKHO`) VALUES ('PN021', '2022-11-24', 'Thủ Đức');
INSERT INTO `phieu_nhap_hang` (`MAPHIEUNHAP`, `NGAYNHAP`, `DIACHIKHO`) VALUES ('PN022', '2022-11-25', 'Gò Vấp');
INSERT INTO `phieu_nhap_hang` (`MAPHIEUNHAP`, `NGAYNHAP`, `DIACHIKHO`) VALUES ('PN023', '2022-11-26', 'Q9');
INSERT INTO `phieu_nhap_hang` (`MAPHIEUNHAP`, `NGAYNHAP`, `DIACHIKHO`) VALUES ('PN024', '2022-11-27', 'Q8');
INSERT INTO `phieu_nhap_hang` (`MAPHIEUNHAP`, `NGAYNHAP`, `DIACHIKHO`) VALUES ('PN025', '2022-11-29', 'Gò Vấp');
INSERT INTO `phieu_nhap_hang` (`MAPHIEUNHAP`, `NGAYNHAP`, `DIACHIKHO`) VALUES ('PN026', '2022-11-30', 'Gò Vấp');

INSERT INTO `ct_nhap` (`MAHANG`, `MAPHIEUNHAP`, `SOLUONG`) VALUES ('MH007', 'PN001', '2000');
INSERT INTO `ct_nhap` (`MAHANG`, `MAPHIEUNHAP`, `SOLUONG`) VALUES ('MH008', 'PN001', '2000');
INSERT INTO `ct_nhap` (`MAHANG`, `MAPHIEUNHAP`, `SOLUONG`) VALUES ('MH009', 'PN001', '2000');
INSERT INTO `ct_nhap` (`MAHANG`, `MAPHIEUNHAP`, `SOLUONG`) VALUES ('MH010', 'PN001', '2000');
INSERT INTO `ct_nhap` (`MAHANG`, `MAPHIEUNHAP`, `SOLUONG`) VALUES ('MH011', 'PN001', '2000');
INSERT INTO `ct_nhap` (`MAHANG`, `MAPHIEUNHAP`, `SOLUONG`) VALUES ('MH012', 'PN001', '2000');
INSERT INTO `ct_nhap` (`MAHANG`, `MAPHIEUNHAP`, `SOLUONG`) VALUES ('MH010', 'PN002', '2000');
INSERT INTO `ct_nhap` (`MAHANG`, `MAPHIEUNHAP`, `SOLUONG`) VALUES ('MH011', 'PN002', '2000');
INSERT INTO `ct_nhap` (`MAHANG`, `MAPHIEUNHAP`, `SOLUONG`) VALUES ('MH007', 'PN003', '2000');
INSERT INTO `ct_nhap` (`MAHANG`, `MAPHIEUNHAP`, `SOLUONG`) VALUES ('MH008', 'PN003', '2000');
INSERT INTO `ct_nhap` (`MAHANG`, `MAPHIEUNHAP`, `SOLUONG`) VALUES ('MH009', 'PN004', '2000');
INSERT INTO `ct_nhap` (`MAHANG`, `MAPHIEUNHAP`, `SOLUONG`) VALUES ('MH012', 'PN005', '2000');
INSERT INTO `ct_nhap` (`MAHANG`, `MAPHIEUNHAP`, `SOLUONG`) VALUES ('MH010', 'PN005', '2000');
INSERT INTO `ct_nhap` (`MAHANG`, `MAPHIEUNHAP`, `SOLUONG`) VALUES ('MH011', 'PN006', '2000');
INSERT INTO `ct_nhap` (`MAHANG`, `MAPHIEUNHAP`, `SOLUONG`) VALUES ('MH007', 'PN006', '2000');
INSERT INTO `ct_nhap` (`MAHANG`, `MAPHIEUNHAP`, `SOLUONG`) VALUES ('MH008', 'PN007', '2000');
INSERT INTO `ct_nhap` (`MAHANG`, `MAPHIEUNHAP`, `SOLUONG`) VALUES ('MH009', 'PN008', '2000');
INSERT INTO `ct_nhap` (`MAHANG`, `MAPHIEUNHAP`, `SOLUONG`) VALUES ('MH012', 'PN009', '2000');
INSERT INTO `ct_nhap` (`MAHANG`, `MAPHIEUNHAP`, `SOLUONG`) VALUES ('MH010', 'PN010', '2000');
INSERT INTO `ct_nhap` (`MAHANG`, `MAPHIEUNHAP`, `SOLUONG`) VALUES ('MH011', 'PN011', '2000');
INSERT INTO `ct_nhap` (`MAHANG`, `MAPHIEUNHAP`, `SOLUONG`) VALUES ('MH007', 'PN012', '2000');
INSERT INTO `ct_nhap` (`MAHANG`, `MAPHIEUNHAP`, `SOLUONG`) VALUES ('MH008', 'PN013', '2000');
INSERT INTO `ct_nhap` (`MAHANG`, `MAPHIEUNHAP`, `SOLUONG`) VALUES ('MH009', 'PN013', '2000');
INSERT INTO `ct_nhap` (`MAHANG`, `MAPHIEUNHAP`, `SOLUONG`) VALUES ('MH012', 'PN014', '2000');
INSERT INTO `ct_nhap` (`MAHANG`, `MAPHIEUNHAP`, `SOLUONG`) VALUES ('MH010', 'PN014', '2000');
INSERT INTO `ct_nhap` (`MAHANG`, `MAPHIEUNHAP`, `SOLUONG`) VALUES ('MH011', 'PN015', '2000');
INSERT INTO `ct_nhap` (`MAHANG`, `MAPHIEUNHAP`, `SOLUONG`) VALUES ('MH007', 'PN015', '2000');
INSERT INTO `ct_nhap` (`MAHANG`, `MAPHIEUNHAP`, `SOLUONG`) VALUES ('MH008', 'PN016', '2000');
INSERT INTO `ct_nhap` (`MAHANG`, `MAPHIEUNHAP`, `SOLUONG`) VALUES ('MH009', 'PN017', '2000');
INSERT INTO `ct_nhap` (`MAHANG`, `MAPHIEUNHAP`, `SOLUONG`) VALUES ('MH012', 'PN018', '2000');
INSERT INTO `ct_nhap` (`MAHANG`, `MAPHIEUNHAP`, `SOLUONG`) VALUES ('MH010', 'PN019', '2000');
INSERT INTO `ct_nhap` (`MAHANG`, `MAPHIEUNHAP`, `SOLUONG`) VALUES ('MH011', 'PN020', '2000');
INSERT INTO `ct_nhap` (`MAHANG`, `MAPHIEUNHAP`, `SOLUONG`) VALUES ('MH007', 'PN020', '2000');
INSERT INTO `ct_nhap` (`MAHANG`, `MAPHIEUNHAP`, `SOLUONG`) VALUES ('MH008', 'PN021', '2000');
INSERT INTO `ct_nhap` (`MAHANG`, `MAPHIEUNHAP`, `SOLUONG`) VALUES ('MH009', 'PN021', '2000');
INSERT INTO `ct_nhap` (`MAHANG`, `MAPHIEUNHAP`, `SOLUONG`) VALUES ('MH012', 'PN022', '2000');
INSERT INTO `ct_nhap` (`MAHANG`, `MAPHIEUNHAP`, `SOLUONG`) VALUES ('MH010', 'PN023', '2000');
INSERT INTO `ct_nhap` (`MAHANG`, `MAPHIEUNHAP`, `SOLUONG`) VALUES ('MH011', 'PN024', '2000');
INSERT INTO `ct_nhap` (`MAHANG`, `MAPHIEUNHAP`, `SOLUONG`) VALUES ('MH007', 'PN024', '2000');
INSERT INTO `ct_nhap` (`MAHANG`, `MAPHIEUNHAP`, `SOLUONG`) VALUES ('MH008', 'PN025', '2000');
INSERT INTO `ct_nhap` (`MAHANG`, `MAPHIEUNHAP`, `SOLUONG`) VALUES ('MH009', 'PN026', '2000');
INSERT INTO `ct_nhap` (`MAHANG`, `MAPHIEUNHAP`, `SOLUONG`) VALUES ('MH012', 'PN026', '2000');

